{"cameraMode":{"drawMode":0,"name":"Shaded","section":"Shading Mode"},"sceneLighting":true,"audioPlay":false,"sceneViewState":{"m_AlwaysRefresh":false,"showFog":true,"showSkybox":true,"showFlares":true,"showImageEffects":true,"showParticleSystems":true,"showVisualEffectGraphs":true,"m_FxEnabled":true},"in2DMode":false,"pivot":{"x":-10.075000762939454,"y":1.6499998569488526,"z":-5.059999465942383},"rotation":{"x":0.19507454335689546,"y":0.12612955272197724,"z":-0.025304866954684259,"w":0.9723160862922669},"size":5.803802013397217,"orthographic":true}